quarter_end,year,quarter,quarter_label,midcap_ret,largecap_ret,excess_ret,cpi_yoy,gdp_yoy,repo,repo_chg_bps,rain_anom,next_q_excess_ret,lag_excess_ret_1q,lag_excess_ret_2q,lag_cpi_yoy_1q,lag_gdp_yoy_1q,lag_repo_1q,lag_repo_chg_bps_1q,lag_rain_anom_1q,good_monsoon_flag,poor_monsoon_flag,normal_monsoon_flag,target_direction,allocation_signal_label
2014-06-30,2014,2,2014-Q2,28.847192,13.531070,15.316122,7.859486,7.112080,8.000000,0.000000,69.879102,-1.747418,0.356270,,8.244298,5.922736,8.000000,25.000000,69.879102,1,0,0,0,Large-cap outperformed or matched mid-cap next quarter
2014-09-30,2014,3,2014-Q3,2.896304,4.643723,-1.747418,6.681568,7.592544,8.000000,0.000000,-7.449626,6.216425,15.316122,0.356270,7.859486,7.112080,8.000000,0.000000,69.879102,0,1,0,1,Mid-cap outperformed large-cap next quarter
2014-12-31,2014,4,2014-Q4,10.207737,3.991312,6.216425,4.054538,8.033806,8.000000,0.000000,-7.449626,0.802069,-1.747418,15.316122,6.681568,7.592544,8.000000,0.000000,-7.449626,0,1,0,1,Mid-cap outperformed large-cap next quarter
2015-03-31,2015,1,2015-Q1,3.316950,2.514880,0.802069,5.272440,7.197433,7.500000,-50.000000,-7.449626,1.507313,6.216425,-1.747418,4.054538,8.033806,8.000000,0.000000,-7.449626,0,1,0,1,Mid-cap outperformed large-cap next quarter
2015-06-30,2015,2,2015-Q2,0.064609,-1.442704,1.507313,5.090809,9.088683,7.250000,-25.000000,-7.449626,4.820723,0.802069,6.216425,5.272440,7.197433,7.500000,-50.000000,-7.449626,0,1,0,1,Mid-cap outperformed large-cap next quarter
2015-09-30,2015,3,2015-Q3,-0.193318,-5.014041,4.820723,3.948304,8.679803,6.750000,-50.000000,-6.171560,3.206634,1.507313,0.802069,5.090809,9.088683,7.250000,-25.000000,-7.449626,0,1,0,1,Mid-cap outperformed large-cap next quarter
2015-12-31,2015,4,2015-Q4,3.174554,-0.032080,3.206634,5.339795,9.669809,6.750000,0.000000,-6.171560,-2.190976,4.820723,1.507313,3.948304,8.679803,6.750000,-50.000000,-6.171560,0,1,0,0,Large-cap outperformed or matched mid-cap next quarter
2016-03-31,2016,1,2016-Q1,-4.807900,-2.616925,-2.190976,5.259609,8.575494,6.750000,0.000000,-6.171560,1.243208,3.206634,4.820723,5.339795,9.669809,6.750000,0.000000,-6.171560,0,1,0,1,Mid-cap outperformed large-cap next quarter
2016-06-30,2016,2,2016-Q2,8.342220,7.099013,1.243208,5.665680,6.289328,6.500000,-25.000000,-6.171560,7.654008,-2.190976,3.206634,5.259609,8.575494,6.750000,0.000000,-6.171560,0,1,0,1,Mid-cap outperformed large-cap next quarter
2016-09-30,2016,3,2016-Q3,11.556152,3.902145,7.654008,5.167334,6.112753,6.500000,0.000000,55.198618,-1.948446,1.243208,-2.190976,5.665680,6.289328,6.500000,-25.000000,-6.171560,1,0,0,0,Large-cap outperformed or matched mid-cap next quarter
2016-12-31,2016,4,2016-Q4,-6.887972,-4.939526,-1.948446,3.748832,5.317940,6.250000,-25.000000,55.198618,7.759588,7.654008,1.243208,5.167334,6.112753,6.500000,0.000000,55.198618,1,0,0,1,Mid-cap outperformed large-cap next quarter
2017-03-31,2017,1,2017-Q1,19.828658,12.069071,7.759588,3.568915,6.668678,6.250000,0.000000,55.198618,-0.687142,-1.948446,7.654008,3.748832,5.317940,6.250000,-25.000000,55.198618,1,0,0,0,Large-cap outperformed or matched mid-cap next quarter
2017-06-30,2017,2,2017-Q2,3.097025,3.784167,-0.687142,2.207595,8.932909,6.250000,0.000000,55.198618,-0.678571,7.759588,-1.948446,3.568915,6.668678,6.250000,0.000000,55.198618,1,0,0,0,Large-cap outperformed or matched mid-cap next quarter
2017-09-30,2017,3,2017-Q3,2.133138,2.811709,-0.678571,2.976499,7.499661,6.000000,-25.000000,-2.602188,9.127139,-0.687142,7.759588,2.207595,8.932909,6.250000,0.000000,55.198618,0,0,1,1,Mid-cap outperformed large-cap next quarter
2017-12-31,2017,4,2017-Q4,16.708407,7.581268,9.127139,4.556546,6.457181,6.000000,0.000000,-2.602188,-7.285329,-0.678571,-0.687142,2.976499,7.499661,6.000000,-25.000000,-2.602188,0,0,1,0,Large-cap outperformed or matched mid-cap next quarter
2018-03-31,2018,1,2018-Q1,-11.245179,-3.959851,-7.285329,4.594783,6.233478,6.000000,0.000000,-2.602188,-9.007734,9.127139,-0.678571,4.556546,6.457181,6.000000,0.000000,-2.602188,0,0,1,0,Large-cap outperformed or matched mid-cap next quarter
2018-06-30,2018,2,2018-Q2,-3.069254,5.938479,-9.007734,4.790509,5.720943,6.250000,25.000000,-2.602188,-7.665783,-7.285329,9.127139,4.594783,6.233478,6.000000,0.000000,-2.602188,0,0,1,0,Large-cap outperformed or matched mid-cap next quarter
2018-09-30,2018,3,2018-Q3,-5.648386,2.017397,-7.665783,3.854621,5.095368,6.500000,25.000000,-7.714450,4.825090,-9.007734,-7.285329,4.790509,5.720943,6.250000,25.000000,-2.602188,0,1,0,1,Mid-cap outperformed large-cap next quarter
2018-12-31,2018,4,2018-Q4,4.203890,-0.621200,4.825090,2.606384,4.298371,6.500000,0.000000,-7.714450,-4.866346,-7.665783,-9.007734,3.854621,5.095368,6.500000,25.000000,-7.714450,0,1,0,0,Large-cap outperformed or matched mid-cap next quarter
2019-03-31,2019,1,2019-Q1,2.142597,7.008944,-4.866346,2.465123,3.255643,6.250000,-25.000000,-7.714450,-4.729298,4.825090,-7.665783,2.606384,4.298371,6.500000,0.000000,-7.714450,0,1,0,0,Large-cap outperformed or matched mid-cap next quarter
2019-06-30,2019,2,2019-Q2,-3.310239,1.419059,-4.729298,3.071770,2.944913,5.750000,-50.000000,-7.714450,-6.555294,-4.866346,4.825090,2.465123,3.255643,6.250000,-25.000000,-7.714450,0,1,0,0,Large-cap outperformed or matched mid-cap next quarter
2019-09-30,2019,3,2019-Q3,-9.222220,-2.666927,-6.555294,3.472667,-23.134129,5.400000,-35.000000,-8.439839,0.668989,-4.729298,-4.866346,3.071770,2.944913,5.750000,-50.000000,-7.714450,0,1,0,1,Mid-cap outperformed large-cap next quarter
2019-12-31,2019,4,2019-Q4,6.717210,6.048220,0.668989,5.837141,-5.839218,5.150000,-25.000000,-8.439839,-2.223104,-6.555294,-4.729298,3.472667,-23.134129,5.400000,-35.000000,-8.439839,0,1,0,0,Large-cap outperformed or matched mid-cap next quarter
2020-03-31,2020,1,2020-Q1,-31.567022,-29.343918,-2.223104,6.669902,1.775082,4.400000,-75.000000,-8.439839,5.811737,0.668989,-6.555294,5.837141,-5.839218,5.150000,-25.000000,-8.439839,0,1,0,1,Mid-cap outperformed large-cap next quarter
2020-06-30,2020,2,2020-Q2,25.634946,19.823210,5.811737,6.573178,3.289793,4.000000,-40.000000,-8.439839,6.322269,-2.223104,0.668989,6.669902,1.775082,4.400000,-75.000000,-8.439839,0,1,0,1,Mid-cap outperformed large-cap next quarter
2020-09-30,2020,3,2020-Q3,15.499524,9.177255,6.322269,6.895552,22.633773,4.000000,0.000000,10.362694,-1.583988,5.811737,-2.223104,6.573178,3.289793,4.000000,-40.000000,-8.439839,1,0,0,0,Large-cap outperformed or matched mid-cap next quarter
2020-12-31,2020,4,2020-Q4,22.725306,24.309294,-1.583988,6.375940,9.865858,4.000000,0.000000,10.362694,8.606564,6.322269,5.811737,6.895552,22.633773,4.000000,0.000000,10.362694,1,0,0,1,Mid-cap outperformed large-cap next quarter
2021-03-31,2021,1,2021-Q1,13.677102,5.070538,8.606564,4.869867,5.529075,4.000000,0.000000,10.362694,6.816850,-1.583988,6.322269,6.375940,9.865858,4.000000,0.000000,10.362694,1,0,0,1,Mid-cap outperformed large-cap next quarter
2021-06-30,2021,2,2021-Q2,13.833534,7.016684,6.816850,5.593669,4.452846,4.000000,0.000000,10.362694,0.591324,8.606564,-1.583988,4.869867,5.529075,4.000000,0.000000,10.362694,1,0,0,1,Mid-cap outperformed large-cap next quarter
2021-09-30,2021,3,2021-Q3,12.655377,12.064052,0.591324,5.078817,13.490759,4.000000,0.000000,0.748417,1.692874,6.816850,8.606564,5.593669,4.452846,4.000000,0.000000,10.362694,0,0,1,1,Mid-cap outperformed large-cap next quarter
2021-12-31,2021,4,2021-Q4,0.193852,-1.499022,1.692874,5.016350,5.958238,4.000000,0.000000,0.748417,-3.103491,0.591324,6.816850,5.078817,13.490759,4.000000,0.000000,0.748417,0,0,1,0,Large-cap outperformed or matched mid-cap next quarter
2022-03-31,2022,1,2022-Q1,-2.465600,0.637891,-3.103491,6.344006,4.844051,4.000000,0.000000,0.748417,-1.265262,1.692874,0.591324,5.016350,5.958238,4.000000,0.000000,0.748417,0,0,1,0,Large-cap outperformed or matched mid-cap next quarter
2022-06-30,2022,2,2022-Q2,-10.910404,-9.645142,-1.265262,7.281715,6.896954,4.900000,90.000000,0.748417,7.608652,-3.103491,1.692874,6.344006,4.844051,4.000000,0.000000,0.748417,0,0,1,1,Mid-cap outperformed large-cap next quarter
2022-09-30,2022,3,2022-Q3,15.936150,8.327498,7.608652,7.040022,9.659944,5.900000,100.000000,6.505469,-3.172349,-1.265262,-3.103491,7.281715,6.896954,4.900000,90.000000,0.748417,1,0,0,0,Large-cap outperformed or matched mid-cap next quarter
2022-12-31,2022,4,2022-Q4,2.741593,5.913942,-3.172349,6.120734,9.342884,6.250000,35.000000,6.505469,-0.560000,7.608652,-1.265262,7.040022,9.659944,5.900000,100.000000,6.505469,1,0,0,0,Large-cap outperformed or matched mid-cap next quarter
2023-03-31,2023,1,2023-Q1,-4.677855,-4.117855,-0.560000,6.208194,9.514555,6.500000,25.000000,6.505469,8.504095,-3.172349,7.608652,6.120734,9.342884,6.250000,35.000000,6.505469,1,0,0,1,Mid-cap outperformed large-cap next quarter
2023-06-30,2023,2,2023-Q2,19.041689,10.537594,8.504095,4.626567,8.354641,6.500000,0.000000,6.505469,11.035375,-0.560000,-3.172349,6.208194,9.514555,6.500000,25.000000,6.505469,1,0,0,1,Mid-cap outperformed large-cap next quarter
2023-09-30,2023,3,2023-Q3,13.376554,2.341179,11.035375,6.428907,6.511800,6.500000,0.000000,-5.906736,3.266291,8.504095,-0.560000,4.626567,8.354641,6.500000,0.000000,6.505469,0,1,0,1,Mid-cap outperformed large-cap next quarter
2023-12-31,2023,4,2023-Q4,13.924546,10.658255,3.266291,5.370311,5.612025,6.500000,0.000000,-5.906736,1.361138,11.035375,8.504095,6.428907,6.511800,6.500000,0.000000,-5.906736,0,1,0,1,Mid-cap outperformed large-cap next quarter
2024-03-31,2024,1,2024-Q1,4.101413,2.740274,1.361138,5.014307,6.366486,6.500000,0.000000,-5.906736,8.394453,3.266291,11.035375,5.370311,5.612025,6.500000,0.000000,-5.906736,0,1,0,1,Mid-cap outperformed large-cap next quarter
